[{"fields": {"ordinal": 5, "plural": "Domains", "name": "Domain"}, "model": "lgrp.taxonrank", "pk": 1}, {"fields": {"ordinal": 10, "plural": "Kingdoms", "name": "Kingdom"}, "model": "lgrp.taxonrank", "pk": 2}, {"fields": {"ordinal": 20, "plural": "Phyla", "name": "Phylum"}, "model": "lgrp.taxonrank", "pk": 3}, {"fields": {"ordinal": 30, "plural": "Classes", "name": "Class"}, "model": "lgrp.taxonrank", "pk": 4}, {"fields": {"ordinal": 40, "plural": "Orders", "name": "Order"}, "model": "lgrp.taxonrank", "pk": 5}, {"fields": {"ordinal": 50, "plural": "Families", "name": "Family"}, "model": "lgrp.taxonrank", "pk": 6}, {"fields": {"ordinal": 60, "plural": "Genera", "name": "Genus"}, "model": "lgrp.taxonrank", "pk": 7}, {"fields": {"ordinal": 70, "plural": "Species", "name": "Species"}, "model": "lgrp.taxonrank", "pk": 8}, {"fields": {"ordinal": 55, "plural": "Tribes", "name": "Tribe"}, "model": "lgrp.taxonrank", "pk": 9}, {"fields": {"ordinal": 52, "plural": "Subfamilies", "name": "Subfamily"}, "model": "lgrp.taxonrank", "pk": 10}, {"fields": {"ordinal": 0, "plural": "Roots", "name": "Root"}, "model": "lgrp.taxonrank", "pk": 11}, {"fields": {"rank": 11, "name": "Life", "parent": null}, "model": "lgrp.taxon", "pk": 0}, {"fields": {"rank": 1, "name": "Eukaryota", "parent": 0}, "model": "lgrp.taxon", "pk": 1}, {"fields": {"rank": 2, "name": "Animalia", "parent": 1}, "model": "lgrp.taxon", "pk": 2}, {"fields": {"rank": 3, "name": "Chordata", "parent": 2}, "model": "lgrp.taxon", "pk": 3}, {"fields": {"rank": 4, "name": "Reptilia", "parent": 3}, "model": "lgrp.taxon", "pk": 4}, {"fields": {"rank": 4, "name": "Pisces", "parent": 3}, "model": "lgrp.taxon", "pk": 5}, {"fields": {"rank": 4, "name": "Mammalia", "parent": 3}, "model": "lgrp.taxon", "pk": 6}, {"fields": {"rank": 4, "name": "Aves", "parent": 3}, "model": "lgrp.taxon", "pk": 7}, {"fields": {"rank": 5, "name": "Chelonia", "parent": 4}, "model": "lgrp.taxon", "pk": 8}, {"fields": {"rank": 5, "name": "Primates", "parent": 6}, "model": "lgrp.taxon", "pk": 9}, {"fields": {"rank": 5, "name": "Rodentia", "parent": 6}, "model": "lgrp.taxon", "pk": 10}, {"fields": {"rank": 5, "name": "Perissodactyla", "parent": 6}, "model": "lgrp.taxon", "pk": 11}, {"fields": {"rank": 5, "name": "Artiodactyla", "parent": 6}, "model": "lgrp.taxon", "pk": 12}, {"fields": {"rank": 5, "name": "Proboscidea", "parent": 6}, "model": "lgrp.taxon", "pk": 13}, {"fields": {"rank": 5, "name": "Carnivora", "parent": 6}, "model": "lgrp.taxon", "pk": 14}, {"fields": {"rank": 5, "name": "Crocodilia", "parent": 4}, "model": "lgrp.taxon", "pk": 15}, {"fields": {"rank": 5, "name": "Lagomorpha", "parent": 6}, "model": "lgrp.taxon", "pk": 16}, {"fields": {"rank": 6, "name": "Camelidae", "parent": 12}, "model": "lgrp.taxon", "pk": 17}, {"fields": {"rank": 6, "name": "Canidae", "parent": 14}, "model": "lgrp.taxon", "pk": 18}, {"fields": {"rank": 6, "name": "Hippopotamidae", "parent": 12}, "model": "lgrp.taxon", "pk": 19}, {"fields": {"rank": 6, "name": "Rhinocerotidae", "parent": 11}, "model": "lgrp.taxon", "pk": 20}, {"fields": {"rank": 6, "name": "Thryonomyidae", "parent": 10}, "model": "lgrp.taxon", "pk": 21}, {"fields": {"rank": 6, "name": "Equidae", "parent": 11}, "model": "lgrp.taxon", "pk": 22}, {"fields": {"rank": 6, "name": "Herpestidae", "parent": 14}, "model": "lgrp.taxon", "pk": 23}, {"fields": {"rank": 6, "name": "Hyaenidae", "parent": 14}, "model": "lgrp.taxon", "pk": 24}, {"fields": {"rank": 6, "name": "Giraffidae", "parent": 12}, "model": "lgrp.taxon", "pk": 25}, {"fields": {"rank": 6, "name": "Felidae", "parent": 14}, "model": "lgrp.taxon", "pk": 26}, {"fields": {"rank": 6, "name": "Spalacidae", "parent": 10}, "model": "lgrp.taxon", "pk": 27}, {"fields": {"rank": 6, "name": "Elephantidae", "parent": 13}, "model": "lgrp.taxon", "pk": 28}, {"fields": {"rank": 6, "name": "Hominidae", "parent": 9}, "model": "lgrp.taxon", "pk": 29}, {"fields": {"rank": 6, "name": "Suidae", "parent": 12}, "model": "lgrp.taxon", "pk": 30}, {"fields": {"rank": 6, "name": "Muridae", "parent": 10}, "model": "lgrp.taxon", "pk": 31}, {"fields": {"rank": 6, "name": "Bovidae", "parent": 12}, "model": "lgrp.taxon", "pk": 32}, {"fields": {"rank": 6, "name": "Cercopithecidae", "parent": 9}, "model": "lgrp.taxon", "pk": 33}, {"fields": {"rank": 6, "name": "Nesomyidae", "parent": 10}, "model": "lgrp.taxon", "pk": 34}, {"fields": {"rank": 6, "name": "Hystricidae", "parent": 10}, "model": "lgrp.taxon", "pk": 35}, {"fields": {"rank": 6, "name": "Mustelidae", "parent": 14}, "model": "lgrp.taxon", "pk": 36}, {"fields": {"rank": 6, "name": "Deinotheriidae", "parent": 13}, "model": "lgrp.taxon", "pk": 37}, {"fields": {"rank": 10, "name": "Suinae", "parent": 30}, "model": "lgrp.taxon", "pk": 38}, {"fields": {"rank": 10, "name": "Sivatheriinae", "parent": 25}, "model": "lgrp.taxon", "pk": 39}, {"fields": {"rank": 10, "name": "Crocodylinae", "parent": 15}, "model": "lgrp.taxon", "pk": 40}, {"fields": {"rank": 10, "name": "Tachyoryctinae", "parent": 27}, "model": "lgrp.taxon", "pk": 41}, {"fields": {"rank": 10, "name": "Murinae", "parent": 31}, "model": "lgrp.taxon", "pk": 42}, {"fields": {"rank": 10, "name": "Dendromurinae", "parent": 34}, "model": "lgrp.taxon", "pk": 43}, {"fields": {"rank": 10, "name": "Alcelaphinae", "parent": 32}, "model": "lgrp.taxon", "pk": 44}, {"fields": {"rank": 10, "name": "Homininae", "parent": 29}, "model": "lgrp.taxon", "pk": 45}, {"fields": {"rank": 10, "name": "Antilopinae", "parent": 32}, "model": "lgrp.taxon", "pk": 46}, {"fields": {"rank": 10, "name": "Tetraconodontinae", "parent": 30}, "model": "lgrp.taxon", "pk": 47}, {"fields": {"rank": 10, "name": "Bovinae", "parent": 32}, "model": "lgrp.taxon", "pk": 48}, {"fields": {"rank": 9, "name": "Reduncini", "parent": 32}, "model": "lgrp.taxon", "pk": 49}, {"fields": {"rank": 9, "name": "Bovini", "parent": 48}, "model": "lgrp.taxon", "pk": 50}, {"fields": {"rank": 9, "name": "Antilopini", "parent": 46}, "model": "lgrp.taxon", "pk": 51}, {"fields": {"rank": 9, "name": "Tragelaphini", "parent": 32}, "model": "lgrp.taxon", "pk": 52}, {"fields": {"rank": 9, "name": "Aepycerotini", "parent": 32}, "model": "lgrp.taxon", "pk": 53}, {"fields": {"rank": 9, "name": "Hippotragini", "parent": 32}, "model": "lgrp.taxon", "pk": 54}, {"fields": {"rank": 9, "name": "Hominini", "parent": 45}, "model": "lgrp.taxon", "pk": 55}, {"fields": {"rank": 9, "name": "Alcelaphini", "parent": 32}, "model": "lgrp.taxon", "pk": 56}, {"fields": {"rank": 7, "name": "Chlorocebus", "parent": 33}, "model": "lgrp.taxon", "pk": 57}, {"fields": {"rank": 7, "name": "Arvicanthis", "parent": 42}, "model": "lgrp.taxon", "pk": 58}, {"fields": {"rank": 7, "name": "Pelorovis", "parent": 50}, "model": "lgrp.taxon", "pk": 59}, {"fields": {"rank": 7, "name": "Papio", "parent": 33}, "model": "lgrp.taxon", "pk": 60}, {"fields": {"rank": 7, "name": "Acomys", "parent": 42}, "model": "lgrp.taxon", "pk": 61}, {"fields": {"rank": 7, "name": "Gazella", "parent": 51}, "model": "lgrp.taxon", "pk": 62}, {"fields": {"rank": 7, "name": "Elephas", "parent": 28}, "model": "lgrp.taxon", "pk": 63}, {"fields": {"rank": 7, "name": "Connochaetes", "parent": 56}, "model": "lgrp.taxon", "pk": 64}, {"fields": {"rank": 7, "name": "Phacochoerus", "parent": 38}, "model": "lgrp.taxon", "pk": 65}, {"fields": {"rank": 7, "name": "Oryx", "parent": 54}, "model": "lgrp.taxon", "pk": 66}, {"fields": {"rank": 7, "name": "Redunca", "parent": 49}, "model": "lgrp.taxon", "pk": 67}, {"fields": {"rank": 7, "name": "Ceratotherium", "parent": 20}, "model": "lgrp.taxon", "pk": 68}, {"fields": {"rank": 7, "name": "Hyaena", "parent": 24}, "model": "lgrp.taxon", "pk": 69}, {"fields": {"rank": 7, "name": "Theropithecus", "parent": 33}, "model": "lgrp.taxon", "pk": 70}, {"fields": {"rank": 7, "name": "Kobus", "parent": 49}, "model": "lgrp.taxon", "pk": 71}, {"fields": {"rank": 7, "name": "Thryonomys", "parent": 21}, "model": "lgrp.taxon", "pk": 72}, {"fields": {"rank": 7, "name": "Tachyoryctes", "parent": 41}, "model": "lgrp.taxon", "pk": 73}, {"fields": {"rank": 7, "name": "Aepyceros", "parent": 53}, "model": "lgrp.taxon", "pk": 74}, {"fields": {"rank": 7, "name": "Euthecodon", "parent": 40}, "model": "lgrp.taxon", "pk": 75}, {"fields": {"rank": 7, "name": "Equus", "parent": 22}, "model": "lgrp.taxon", "pk": 76}, {"fields": {"rank": 7, "name": "Enhydriodon", "parent": 36}, "model": "lgrp.taxon", "pk": 77}, {"fields": {"rank": 7, "name": "Crocuta", "parent": 24}, "model": "lgrp.taxon", "pk": 78}, {"fields": {"rank": 7, "name": "Mellivora", "parent": 36}, "model": "lgrp.taxon", "pk": 79}, {"fields": {"rank": 7, "name": "Metridiochoerus", "parent": 38}, "model": "lgrp.taxon", "pk": 80}, {"fields": {"rank": 7, "name": "Golunda", "parent": 42}, "model": "lgrp.taxon", "pk": 81}, {"fields": {"rank": 7, "name": "Homo", "parent": 55}, "model": "lgrp.taxon", "pk": 82}, {"fields": {"rank": 7, "name": "Taurotragus", "parent": 52}, "model": "lgrp.taxon", "pk": 83}, {"fields": {"rank": 7, "name": "Millardia", "parent": 42}, "model": "lgrp.taxon", "pk": 84}, {"fields": {"rank": 7, "name": "Australopithecus", "parent": 55}, "model": "lgrp.taxon", "pk": 85}, {"fields": {"rank": 7, "name": "Giraffa", "parent": 25}, "model": "lgrp.taxon", "pk": 86}, {"fields": {"rank": 7, "name": "Hipparion", "parent": 22}, "model": "lgrp.taxon", "pk": 87}, {"fields": {"rank": 7, "name": "Praomys", "parent": 42}, "model": "lgrp.taxon", "pk": 88}, {"fields": {"rank": 7, "name": "Deinotherium", "parent": 37}, "model": "lgrp.taxon", "pk": 89}, {"fields": {"rank": 7, "name": "Hystrix", "parent": 35}, "model": "lgrp.taxon", "pk": 90}, {"fields": {"rank": 7, "name": "Saidomys", "parent": 42}, "model": "lgrp.taxon", "pk": 91}, {"fields": {"rank": 7, "name": "Ugandax", "parent": 50}, "model": "lgrp.taxon", "pk": 92}, {"fields": {"rank": 7, "name": "Panthera", "parent": 26}, "model": "lgrp.taxon", "pk": 93}, {"fields": {"rank": 7, "name": "Steatomys", "parent": 43}, "model": "lgrp.taxon", "pk": 94}, {"fields": {"rank": 7, "name": "Nyanzachoerus", "parent": 47}, "model": "lgrp.taxon", "pk": 95}, {"fields": {"rank": 7, "name": "Damaliscus", "parent": 56}, "model": "lgrp.taxon", "pk": 96}, {"fields": {"rank": 7, "name": "Antidorcas", "parent": 51}, "model": "lgrp.taxon", "pk": 97}, {"fields": {"rank": 7, "name": "Sivatherium", "parent": 39}, "model": "lgrp.taxon", "pk": 98}, {"fields": {"rank": 7, "name": "Notochoerus", "parent": 47}, "model": "lgrp.taxon", "pk": 99}, {"fields": {"rank": 7, "name": "Kolpochoerus", "parent": 38}, "model": "lgrp.taxon", "pk": 100}, {"fields": {"rank": 7, "name": "Colobus", "parent": 33}, "model": "lgrp.taxon", "pk": 101}, {"fields": {"rank": 7, "name": "Tragelaphus", "parent": 52}, "model": "lgrp.taxon", "pk": 102}, {"fields": {"rank": 7, "name": "Diceros", "parent": 20}, "model": "lgrp.taxon", "pk": 103}, {"fields": {"rank": 7, "name": "Felis", "parent": 26}, "model": "lgrp.taxon", "pk": 104}, {"fields": {"rank": 8, "name": "jumae", "parent": 86}, "model": "lgrp.taxon", "pk": 105}, {"fields": {"rank": 8, "name": "aethiops", "parent": 57}, "model": "lgrp.taxon", "pk": 106}, {"fields": {"rank": 8, "name": "afarensis", "parent": 85}, "model": "lgrp.taxon", "pk": 107}, {"fields": {"rank": 8, "name": "coppensi", "parent": 61}, "model": "lgrp.taxon", "pk": 108}, {"fields": {"rank": 8, "name": "gurai", "parent": 81}, "model": "lgrp.taxon", "pk": 109}, {"fields": {"rank": 8, "name": "leo", "parent": 93}, "model": "lgrp.taxon", "pk": 110}, {"fields": {"rank": 8, "name": "stillei", "parent": 86}, "model": "lgrp.taxon", "pk": 111}, {"fields": {"rank": 8, "name": "majus", "parent": 100}, "model": "lgrp.taxon", "pk": 112}, {"fields": {"rank": 8, "name": "patas", "parent": 57}, "model": "lgrp.taxon", "pk": 113}, {"fields": {"rank": 8, "name": "afarensis", "parent": 91}, "model": "lgrp.taxon", "pk": 114}, {"fields": {"rank": 8, "name": "taiebi", "parent": 84}, "model": "lgrp.taxon", "pk": 115}, {"fields": {"rank": 11, "name": "No taxon", "parent": null}, "model": "lgrp.taxon", "pk": 116}, {"fields": {"rank": 3, "name": "Mollusca", "parent": 2}, "model": "lgrp.taxon", "pk": 117}, {"fields": {"rank": 4, "name": "Gastropoda", "parent": 117}, "model": "lgrp.taxon", "pk": 118}, {"fields": {"rank": 2, "name": "Plantae", "parent": 1}, "model": "lgrp.taxon", "pk": 119}, {"fields": {"rank": 8, "name": "euilus", "parent": 99}, "model": "lgrp.taxon", "pk": 120}, {"fields": {"rank": 8, "name": "afarensis", "parent": 100}, "model": "lgrp.taxon", "pk": 121}, {"fields": {"rank": 8, "name": "darti", "parent": 70}, "model": "lgrp.taxon", "pk": 122}, {"fields": {"rank": 8, "name": "datoadeni", "parent": 74}, "model": "lgrp.taxon", "pk": 123}, {"fields": {"rank": 7, "name": "Eurygnathohippus", "parent": 22}, "model": "lgrp.taxon", "pk": 124}, {"fields": {"rank": 8, "name": "afarense", "parent": 124}, "model": "lgrp.taxon", "pk": 125}, {"fields": {"rank": 8, "name": "bozasi", "parent": 89}, "model": "lgrp.taxon", "pk": 126}, {"fields": {"rank": 8, "name": "nakuae", "parent": 102}, "model": "lgrp.taxon", "pk": 127}, {"fields": {"rank": 6, "name": "Testudinidae", "parent": 4}, "model": "lgrp.taxon", "pk": 128}, {"fields": {"rank": 9, "name": "Neotragini", "parent": 32}, "model": "lgrp.taxon", "pk": 129}, {"fields": {"rank": 7, "name": "Hippopotamus", "parent": 19}, "model": "lgrp.taxon", "pk": 130}, {"fields": {"rank": 7, "name": "Damalborea", "parent": 56}, "model": "lgrp.taxon", "pk": 131}, {"fields": {"rank": 8, "name": "gaudryi", "parent": 102}, "model": "lgrp.taxon", "pk": 132}, {"fields": {"rank": 8, "name": "maurusium", "parent": 98}, "model": "lgrp.taxon", "pk": 133}, {"fields": {"rank": 8, "name": "afarensis", "parent": 99}, "model": "lgrp.taxon", "pk": 134}, {"fields": {"rank": 7, "name": "Colobinae", "parent": 33}, "model": "lgrp.taxon", "pk": 135}, {"fields": {"rank": 7, "name": "Parapapio", "parent": 33}, "model": "lgrp.taxon", "pk": 136}, {"fields": {"rank": 6, "name": "Orycteropodidae", "parent": 6}, "model": "lgrp.taxon", "pk": 137}, {"fields": {"rank": 8, "name": "pliocaenicus", "parent": 73}, "model": "lgrp.taxon", "pk": 138}, {"fields": {"rank": 7, "name": "Clarias", "parent": 3}, "model": "lgrp.taxon", "pk": 139}, {"fields": {"rank": 8, "name": "kanamensis", "parent": 95}, "model": "lgrp.taxon", "pk": 140}, {"fields": {"rank": 8, "name": "pygmaea", "parent": 86}, "model": "lgrp.taxon", "pk": 141}, {"fields": {"rank": 6, "name": "Crocodylidae", "parent": 15}, "model": "lgrp.taxon", "pk": 142}, {"fields": {"rank": 7, "name": "Homotherium", "parent": 26}, "model": "lgrp.taxon", "pk": 143}, {"fields": {"rank": 8, "name": "lockwoodi", "parent": 102}, "model": "lgrp.taxon", "pk": 144}, {"fields": {"rank": 8, "name": "oricornis", "parent": 71}, "model": "lgrp.taxon", "pk": 145}, {"fields": {"rank": 8, "name": "churcheri", "parent": 92}, "model": "lgrp.taxon", "pk": 146}, {"fields": {"rank": 8, "name": "jonesi", "parent": 136}, "model": "lgrp.taxon", "pk": 147}, {"fields": {"rank": 4, "name": "Osteichthyes", "parent": 3}, "model": "lgrp.taxon", "pk": 149}, {"fields": {"rank": 7, "name": "Hexaprotodon", "parent": 19}, "model": "lgrp.taxon", "pk": 150}, {"fields": {"rank": 8, "name": "coryndoni", "parent": 150}, "model": "lgrp.taxon", "pk": 151}, {"fields": {"rank": 3, "name": "Magnoliophyta", "parent": 119}, "model": "lgrp.taxon", "pk": 152}, {"fields": {"rank": 9, "name": "Cephalophini", "parent": 32}, "model": "lgrp.taxon", "pk": 154}, {"fields": {"rank": 8, "name": "rastafari", "parent": 102}, "model": "lgrp.taxon", "pk": 155}, {"fields": {"rank": 8, "name": "afarensis", "parent": 130}, "model": "lgrp.taxon", "pk": 157}, {"fields": {"rank": 8, "name": "eulius", "parent": 99}, "model": "lgrp.taxon", "pk": 158}, {"fields": {"rank": 5, "name": "Testudines", "parent": 4}, "model": "lgrp.taxon", "pk": 159}, {"fields": {"rank": 5, "name": "Siluriformes", "parent": 149}, "model": "lgrp.taxon", "pk": 160}, {"fields": {"rank": 8, "name": "praecox", "parent": 103}, "model": "lgrp.taxon", "pk": 164}, {"fields": {"rank": 8, "name": "mauritanicum", "parent": 68}, "model": "lgrp.taxon", "pk": 166}, {"fields": {"rank": 7, "name": "Madoqua", "parent": 129}, "model": "lgrp.taxon", "pk": 167}, {"fields": {"rank": 8, "name": "avifluminis", "parent": 167}, "model": "lgrp.taxon", "pk": 168}, {"fields": {"rank": 8, "name": "recki", "parent": 63}, "model": "lgrp.taxon", "pk": 169}, {"fields": {"rank": 2, "name": "Unknown", "parent": null}, "model": "lgrp.taxon", "pk": 170}, {"fields": {"rank": 7, "name": "Python", "parent": 32}, "model": "lgrp.taxon", "pk": 171}, {"fields": {"rank": 7, "name": "Loxodonta", "parent": 28}, "model": "lgrp.taxon", "pk": 172}, {"fields": {"rank": 7, "name": "Rhinocolobus", "parent": 33}, "model": "lgrp.taxon", "pk": 173}, {"fields": {"rank": 8, "name": "turkanaensis", "parent": 173}, "model": "lgrp.taxon", "pk": 174}, {"fields": {"rank": 7, "name": "Sus", "parent": 30}, "model": "lgrp.taxon", "pk": 175}, {"fields": {"rank": 4, "name": "Bivalvia", "parent": 117}, "model": "lgrp.taxon", "pk": 176}, {"fields": {"rank": 7, "name": "Simatherium", "parent": 50}, "model": "lgrp.taxon", "pk": 178}, {"fields": {"rank": 7, "name": "Poecilogale", "parent": 36}, "model": "lgrp.taxon", "pk": 180}, {"fields": {"rank": 8, "name": "dietrichi", "parent": 78}, "model": "lgrp.taxon", "pk": 181}, {"fields": {"rank": 7, "name": "Crocodylus", "parent": 142}, "model": "lgrp.taxon", "pk": 182}, {"fields": {"rank": 7, "name": "Praedamalis", "parent": 54}, "model": "lgrp.taxon", "pk": 183}, {"fields": {"rank": 7, "name": "Geochelone", "parent": 128}, "model": "lgrp.taxon", "pk": 184}, {"fields": {"rank": 8, "name": "sp. A", "parent": 71}, "model": "lgrp.taxon", "pk": 188}, {"fields": {"rank": 8, "name": "sp. nov.", "parent": 92}, "model": "lgrp.taxon", "pk": 189}, {"fields": {"rank": 8, "name": "sp. A", "parent": 77}, "model": "lgrp.taxon", "pk": 190}, {"fields": {"rank": 8, "name": "A", "parent": null}, "model": "lgrp.taxon", "pk": 191}, {"fields": {"rank": 8, "name": "(small 2)", "parent": null}, "model": "lgrp.taxon", "pk": 192}, {"fields": {"rank": 8, "name": "(large)", "parent": null}, "model": "lgrp.taxon", "pk": 193}, {"fields": {"rank": 8, "name": "sp. C", "parent": 77}, "model": "lgrp.taxon", "pk": 194}, {"fields": {"rank": 8, "name": "C", "parent": null}, "model": "lgrp.taxon", "pk": 195}, {"fields": {"rank": 8, "name": "(small 3)", "parent": null}, "model": "lgrp.taxon", "pk": 196}, {"fields": {"rank": 8, "name": "sp. nov.", "parent": 77}, "model": "lgrp.taxon", "pk": 197}, {"fields": {"rank": 7, "name": "Budorcas", "parent": 32}, "model": "lgrp.taxon", "pk": 198}, {"fields": {"rank": 8, "name": "churcheri", "parent": 198}, "model": "lgrp.taxon", "pk": 199}, {"fields": {"rank": 8, "name": "deturi", "parent": 66}, "model": "lgrp.taxon", "pk": 200}, {"fields": {"rank": 8, "name": "adaurora", "parent": 172}, "model": "lgrp.taxon", "pk": 201}, {"fields": {"rank": 6, "name": "Siluridae", "parent": 160}, "model": "lgrp.taxon", "pk": 202}, {"fields": {"rank": 8, "name": "sp. B", "parent": 77}, "model": "lgrp.taxon", "pk": 203}, {"fields": {"rank": 8, "name": "B", "parent": null}, "model": "lgrp.taxon", "pk": 204}, {"fields": {"rank": 7, "name": "Xenohystrix", "parent": 35}, "model": "lgrp.taxon", "pk": 205}, {"fields": {"rank": 8, "name": "crassidens", "parent": 205}, "model": "lgrp.taxon", "pk": 206}, {"fields": {"rank": 8, "name": "(small)", "parent": null}, "model": "lgrp.taxon", "pk": 207}, {"fields": {"rank": 8, "name": "sp. nov.", "parent": 102}, "model": "lgrp.taxon", "pk": 208}, {"fields": {"rank": 7, "name": "Dinofelis", "parent": 26}, "model": "lgrp.taxon", "pk": 209}, {"fields": {"rank": 7, "name": "Menelikia", "parent": 49}, "model": "lgrp.taxon", "pk": 210}, {"fields": {"rank": 7, "name": "Parmularius", "parent": 56}, "model": "lgrp.taxon", "pk": 211}, {"fields": {"rank": 2, "name": "Protista", "parent": null}, "model": "lgrp.taxon", "pk": 212}, {"fields": {"rank": 7, "name": "Anserinae", "parent": 7}, "model": "lgrp.taxon", "pk": 213}, {"fields": {"rank": 7, "name": "Herpestes", "parent": 14}, "model": "lgrp.taxon", "pk": 214}, {"fields": {"rank": 7, "name": "Megantereon", "parent": 26}, "model": "lgrp.taxon", "pk": 215}, {"fields": {"rank": 5, "name": "Decapoda", "parent": 2}, "model": "lgrp.taxon", "pk": 216}, {"fields": {"rank": 8, "name": "elisabethae", "parent": 131}, "model": "lgrp.taxon", "pk": 217}, {"fields": {"rank": 6, "name": "Viverridae", "parent": 14}, "model": "lgrp.taxon", "pk": 218}, {"fields": {"rank": 8, "name": "sp. B", "parent": 71}, "model": "lgrp.taxon", "pk": 219}, {"fields": {"rank": 6, "name": "Chalicotheriidae", "parent": 11}, "model": "lgrp.taxon", "pk": 220}, {"fields": {"rank": 7, "name": "Bitis", "parent": 4}, "model": "lgrp.taxon", "pk": 221}, {"fields": {"rank": 7, "name": "Varanus", "parent": 4}, "model": "lgrp.taxon", "pk": 222}, {"fields": {"rank": 6, "name": "Leporidae", "parent": 16}, "model": "lgrp.taxon", "pk": 223}, {"fields": {"rank": 7, "name": "Raphicerus", "parent": 129}, "model": "lgrp.taxon", "pk": 224}, {"fields": {"rank": 8, "name": "(small 1)", "parent": null}, "model": "lgrp.taxon", "pk": 225}, {"fields": {"rank": 7, "name": "Canis", "parent": 18}, "model": "lgrp.taxon", "pk": 226}, {"fields": {"rank": 7, "name": "Pliocrocuta", "parent": 24}, "model": "lgrp.taxon", "pk": 227}, {"fields": {"rank": 8, "name": "perrieri", "parent": 227}, "model": "lgrp.taxon", "pk": 228}, {"fields": {"rank": 7, "name": "Chasmaporthetes", "parent": 24}, "model": "lgrp.taxon", "pk": 229}, {"fields": {"rank": 5, "name": "Squamata", "parent": 4}, "model": "lgrp.taxon", "pk": 230}, {"fields": {"rank": 7, "name": "Helogale", "parent": 218}, "model": "lgrp.taxon", "pk": 231}, {"fields": {"rank": 7, "name": "Civettictis", "parent": 218}, "model": "lgrp.taxon", "pk": 232}, {"fields": {"rank": 7, "name": "Anhinga", "parent": 7}, "model": "lgrp.taxon", "pk": 233}, {"fields": {"rank": 8, "name": "hadarensis", "parent": 233}, "model": "lgrp.taxon", "pk": 234}, {"fields": {"rank": 8, "name": "adustus", "parent": 226}, "model": "lgrp.taxon", "pk": 235}, {"fields": {"rank": 7, "name": "Cercopithecoides", "parent": 33}, "model": "lgrp.taxon", "pk": 236}, {"fields": {"rank": 8, "name": "meaveae", "parent": 236}, "model": "lgrp.taxon", "pk": 237}, {"fields": {"rank": 7, "name": "Machairodontinae", "parent": 26}, "model": "lgrp.taxon", "pk": 238}, {"fields": {"rank": 8, "name": "nitadula", "parent": 229}, "model": "lgrp.taxon", "pk": 239}, {"fields": {"rank": 8, "name": "hadarensis", "parent": 143}, "model": "lgrp.taxon", "pk": 240}, {"fields": {"rank": 7, "name": "Ikelohyaena", "parent": 24}, "model": "lgrp.taxon", "pk": 241}, {"fields": {"rank": 8, "name": "abronia", "parent": 241}, "model": "lgrp.taxon", "pk": 242}, {"fields": {"rank": 8, "name": "lyrocera", "parent": 210}, "model": "lgrp.taxon", "pk": 243}, {"fields": {"rank": 8, "name": "ekorensis", "parent": 63}, "model": "lgrp.taxon", "pk": 244}, {"fields": {"rank": 7, "name": "Balearica", "parent": 7}, "model": "lgrp.taxon", "pk": 245}, {"fields": {"rank": 8, "name": "pavonina", "parent": 245}, "model": "lgrp.taxon", "pk": 246}, {"fields": {"rank": 7, "name": "Xerus", "parent": 10}, "model": "lgrp.taxon", "pk": 247}, {"fields": {"rank": 8, "name": "rutilis", "parent": 247}, "model": "lgrp.taxon", "pk": 248}, {"fields": {"rank": 8, "name": "benfieldi", "parent": 79}, "model": "lgrp.taxon", "pk": 249}, {"fields": {"rank": 7, "name": "Potamochoerus", "parent": 30}, "model": "lgrp.taxon", "pk": 250}, {"fields": {"rank": 8, "name": "serval", "parent": 104}, "model": "lgrp.taxon", "pk": 251}, {"fields": {"rank": 7, "name": "Pachycrocuta", "parent": 24}, "model": "lgrp.taxon", "pk": 252}, {"fields": {"rank": 7, "name": "Plectropterus", "parent": 7}, "model": "lgrp.taxon", "pk": 253}, {"fields": {"rank": 8, "name": "petteri", "parent": 209}, "model": "lgrp.taxon", "pk": 254}, {"fields": {"rank": 7, "name": "Protachyoryctes", "parent": 10}, "model": "lgrp.taxon", "pk": 255}, {"fields": {"rank": 6, "name": "Ursidae", "parent": 14}, "model": "lgrp.taxon", "pk": 256}, {"fields": {"rank": 6, "name": "Varanidae", "parent": 230}, "model": "lgrp.taxon", "pk": 257}, {"fields": {"rank": 8, "name": "scriptus-pricei", "parent": 102}, "model": "lgrp.taxon", "pk": 258}, {"fields": {"rank": 8, "name": "sigmoidalis", "parent": 71}, "model": "lgrp.taxon", "pk": 259}, {"fields": {"rank": 8, "name": "altidens", "parent": 211}, "model": "lgrp.taxon", "pk": 260}, {"fields": {"rank": 7, "name": "Syncerus", "parent": 50}, "model": "lgrp.taxon", "pk": 261}, {"fields": {"rank": 2, "name": "Other", "parent": null}, "model": "lgrp.taxon", "pk": 262}, {"fields": {"rank": 8, "name": "janenschi", "parent": 62}, "model": "lgrp.taxon", "pk": 263}, {"fields": {"rank": 8, "name": "recki atavus", "parent": 63}, "model": "lgrp.taxon", "pk": 264}, {"fields": {"rank": 8, "name": "oswaldi", "parent": 70}, "model": "lgrp.taxon", "pk": 265}, {"fields": {"rank": 8, "name": "praethomsoni", "parent": 62}, "model": "lgrp.taxon", "pk": 266}, {"fields": {"rank": 8, "name": "andrewsi", "parent": 80}, "model": "lgrp.taxon", "pk": 267}, {"fields": {"rank": 8, "name": "sp. A", "parent": 96}, "model": "lgrp.taxon", "pk": 268}, {"fields": {"rank": 8, "name": "modestus", "parent": 80}, "model": "lgrp.taxon", "pk": 269}, {"fields": {"rank": 8, "name": "taurinus", "parent": 64}, "model": "lgrp.taxon", "pk": 270}, {"fields": {"rank": 8, "name": "kimeui", "parent": 236}, "model": "lgrp.taxon", "pk": 271}, {"fields": {"rank": 8, "name": "aceolotus", "parent": 261}, "model": "lgrp.taxon", "pk": 272}, {"fields": {"rank": 8, "name": "limnetes", "parent": 100}, "model": "lgrp.taxon", "pk": 273}, {"fields": {"rank": 8, "name": "makapani", "parent": 69}, "model": "lgrp.taxon", "pk": 274}, {"fields": {"rank": 8, "name": "recki recki", "parent": 63}, "model": "lgrp.taxon", "pk": 275}, {"fields": {"rank": 8, "name": "coryndoni", "parent": 92}, "model": "lgrp.taxon", "pk": 276}, {"fields": {"rank": 8, "name": "swinderianus", "parent": 72}, "model": "lgrp.taxon", "pk": 277}, {"fields": {"rank": 8, "name": "ellipsiprymnus", "parent": 71}, "model": "lgrp.taxon", "pk": 278}, {"fields": {"rank": 8, "name": "recki ileretensis", "parent": 63}, "model": "lgrp.taxon", "pk": 279}, {"fields": {"rank": 8, "name": "pricei", "parent": 102}, "model": "lgrp.taxon", "pk": 280}, {"fields": {"rank": 8, "name": "ultra", "parent": 78}, "model": "lgrp.taxon", "pk": 281}, {"fields": {"rank": 7, "name": "Muridae", "parent": 31}, "model": "lgrp.taxon", "pk": 283}, {"fields": {"rank": 8, "name": "niloticus", "parent": 182}, "model": "lgrp.taxon", "pk": 284}, {"fields": {"rank": 8, "name": "vanhoepeni", "parent": 62}, "model": "lgrp.taxon", "pk": 285}, {"fields": {"rank": 6, "name": "Struthionidae", "parent": 7}, "model": "lgrp.taxon", "pk": 286}, {"fields": {"rank": 7, "name": "Camelus", "parent": 17}, "model": "lgrp.taxon", "pk": 287}, {"fields": {"rank": 7, "name": "Manis", "parent": 6}, "model": "lgrp.taxon", "pk": 288}, {"fields": {"rank": 7, "name": "Cercopithecus", "parent": 33}, "model": "lgrp.taxon", "pk": 289}, {"fields": {"rank": 7, "name": "Lepus", "parent": 223}, "model": "lgrp.taxon", "pk": 290}, {"fields": {"rank": 8, "name": "sp. A", "parent": 289}, "model": "lgrp.taxon", "pk": 291}, {"fields": {"rank": 8, "name": "sp. B", "parent": 289}, "model": "lgrp.taxon", "pk": 292}, {"fields": {"rank": 8, "name": "antiquus", "parent": 65}, "model": "lgrp.taxon", "pk": 293}, {"fields": {"rank": 7, "name": "Orycteropus", "parent": 137}, "model": "lgrp.taxon", "pk": 294}, {"fields": {"rank": 8, "name": "audorata", "parent": 172}, "model": "lgrp.taxon", "pk": 295}, {"fields": {"rank": 7, "name": "Clarius", "parent": 160}, "model": "lgrp.taxon", "pk": 296}, {"fields": {"rank": 6, "name": "Clariidae", "parent": 160}, "model": "lgrp.taxon", "pk": 297}, {"fields": {"rank": 8, "name": "clarkei", "parent": 99}, "model": "lgrp.taxon", "pk": 298}, {"fields": {"rank": 8, "name": "janenschii", "parent": 62}, "model": "lgrp.taxon", "pk": 299}, {"fields": {"rank": 8, "name": "grayi", "parent": 131}, "model": "lgrp.taxon", "pk": 300}, {"fields": {"rank": 8, "name": "hasumense", "parent": 124}, "model": "lgrp.taxon", "pk": 301}, {"fields": {"rank": 10, "name": "Machairodontinae", "parent": 238}, "model": "lgrp.taxon", "pk": 302}, {"fields": {"rank": 7, "name": "Antilope", "parent": 51}, "model": "lgrp.taxon", "pk": 303}, {"fields": {"rank": 8, "name": "ornicornis", "parent": 71}, "model": "lgrp.taxon", "pk": 304}, {"fields": {"rank": 8, "name": "afarrense", "parent": 124}, "model": "lgrp.taxon", "pk": 305}, {"fields": {"rank": 8, "name": "kob", "parent": 71}, "model": "lgrp.taxon", "pk": 306}, {"fields": {"rank": 10, "name": "Cercopithecinae", "parent": 33}, "model": "lgrp.taxon", "pk": 307}, {"fields": {"rank": 8, "name": "rasteferi", "parent": 102}, "model": "lgrp.taxon", "pk": 308}, {"fields": {"rank": 5, "name": "Tubulidentata", "parent": 6}, "model": "lgrp.taxon", "pk": 309}, {"fields": {"rank": 10, "name": "Colobinae", "parent": 135}, "model": "lgrp.taxon", "pk": 310}, {"fields": {"rank": 8, "name": "pygmaeus", "parent": 86}, "model": "lgrp.taxon", "pk": 311}, {"fields": {"rank": 8, "name": "hadarensis", "parent": 71}, "model": "lgrp.taxon", "pk": 312}, {"fields": {"rank": 5, "name": "Mammal", "parent": 6}, "model": "lgrp.taxon", "pk": 313}, {"fields": {"rank": 7, "name": "Hystricidae", "parent": 35}, "model": "lgrp.taxon", "pk": 314}, {"fields": {"rank": 9, "name": "Caprini", "parent": 32}, "model": "lgrp.taxon", "pk": 315}, {"fields": {"rank": 8, "name": "scriptus", "parent": 102}, "model": "lgrp.taxon", "pk": 316}, {"fields": {"rank": 8, "name": "ellipsyprymnus", "parent": 71}, "model": "lgrp.taxon", "pk": 317}, {"fields": {"rank": 8, "name": "pachyceras", "parent": 211}, "model": "lgrp.taxon", "pk": 318}, {"fields": {"rank": 8, "name": "marusium", "parent": 98}, "model": "lgrp.taxon", "pk": 319}, {"fields": {"rank": 9, "name": "Papionini", "parent": 307}, "model": "lgrp.taxon", "pk": 320}, {"fields": {"rank": 8, "name": "pachycerus", "parent": 211}, "model": "lgrp.taxon", "pk": 321}, {"fields": {"rank": 8, "name": "bozazi", "parent": 89}, "model": "lgrp.taxon", "pk": 322}, {"fields": {"rank": 7, "name": "Beatragus", "parent": 56}, "model": "lgrp.taxon", "pk": 323}, {"fields": {"rank": 8, "name": "vrbae", "parent": 323}, "model": "lgrp.taxon", "pk": 324}, {"fields": {"rank": 7, "name": "?Beatragus", "parent": 56}, "model": "lgrp.taxon", "pk": 325}, {"fields": {"rank": 8, "name": "vrbae", "parent": 325}, "model": "lgrp.taxon", "pk": 326}, {"fields": {"rank": 7, "name": "Parantidorcas", "parent": 51}, "model": "lgrp.taxon", "pk": 327}, {"fields": {"rank": 8, "name": "latifrons", "parent": 327}, "model": "lgrp.taxon", "pk": 328}, {"fields": {"rank": 8, "name": "aff. Kob", "parent": 71}, "model": "lgrp.taxon", "pk": 329}, {"fields": {"rank": 6, "name": "Machairodontidae", "parent": 14}, "model": "lgrp.taxon", "pk": 330}, {"fields": {"rank": 8, "name": "shungurae", "parent": 74}, "model": "lgrp.taxon", "pk": 331}, {"fields": {"rank": 7, "name": "Barbus", "parent": 149}, "model": "lgrp.taxon", "pk": 332}, {"fields": {"rank": 7, "name": "Otomys", "parent": 10}, "model": "lgrp.taxon", "pk": 333}, {"fields": {"rank": 8, "name": "gentryi", "parent": 64}, "model": "lgrp.taxon", "pk": 334}, {"fields": {"rank": 7, "name": "Bagrus", "parent": 149}, "model": "lgrp.taxon", "pk": 335}, {"fields": {"rank": 8, "name": "rastafari-nakuae", "parent": 102}, "model": "lgrp.taxon", "pk": 336}, {"fields": {"rank": 8, "name": "oricornus", "parent": 71}, "model": "lgrp.taxon", "pk": 337}, {"fields": {"rank": 8, "name": "sp. large", "parent": 102}, "model": "lgrp.taxon", "pk": 338}, {"fields": {"rank": 9, "name": "Colobini", "parent": 33}, "model": "lgrp.taxon", "pk": 339}, {"fields": {"rank": 2, "name": "Geology", "parent": null}, "model": "lgrp.taxon", "pk": 340}, {"fields": {"rank": 7, "name": "Chelonia", "parent": 8}, "model": "lgrp.taxon", "pk": 341}, {"fields": {"rank": 8, "name": "harmonae", "parent": 62}, "model": "lgrp.taxon", "pk": 342}, {"fields": {"rank": 7, "name": "Struthio", "parent": 286}, "model": "lgrp.taxon", "pk": 343}, {"fields": {"rank": 7, "name": "Ksigmoidalis", "parent": 49}, "model": "lgrp.taxon", "pk": 344}, {"fields": {"rank": 7, "name": "Koricornus", "parent": 49}, "model": "lgrp.taxon", "pk": 345}, {"fields": {"qualified": false, "name": "None"}, "model": "lgrp.identificationqualifier", "pk": 1}, {"fields": {"qualified": true, "name": "cf."}, "model": "lgrp.identificationqualifier", "pk": 2}, {"fields": {"qualified": true, "name": "aff."}, "model": "lgrp.identificationqualifier", "pk": 3}, {"fields": {"qualified": true, "name": "sp. nov."}, "model": "lgrp.identificationqualifier", "pk": 4}]
